accuracy,auc,loss,precision,recall,val_accuracy,val_auc,val_loss,val_precision,val_recall,learning_rate
0.4232501983642578,0.49478679895401,0.9624842405319214,0.4230803847312927,0.9985093474388123,0.4231240451335907,0.5,0.7947612404823303,0.4231240451335907,1.0,0.0005000000237487257
0.4231240451335907,0.4980544447898865,0.9588761329650879,0.4231240451335907,1.0,0.4231240451335907,0.5,0.7785754203796387,0.4231240451335907,1.0,0.0005000000237487257
0.42314207553863525,0.5021939277648926,0.9578056931495667,0.42313167452812195,1.0,0.4231240451335907,0.5,0.804797887802124,0.4231240451335907,1.0,0.0005000000237487257
0.4231240451335907,0.5019749999046326,0.9571398496627808,0.4231240451335907,1.0,0.4231240451335907,0.5,0.8042510151863098,0.4231240451335907,1.0,0.0005000000237487257
0.4231240451335907,0.5007755160331726,0.956480860710144,0.4231240451335907,1.0,0.4231240451335907,0.5005335807800293,0.7961344122886658,0.4231240451335907,1.0,0.0001500000071246177
0.4231240451335907,0.4978616237640381,0.9565823078155518,0.4231240451335907,1.0,0.4231240451335907,0.5,0.8008398413658142,0.4231240451335907,1.0,0.0001500000071246177
0.4231240451335907,0.49973809719085693,0.9561727643013,0.4231240451335907,1.0,0.4231240451335907,0.5,0.8008078336715698,0.4231240451335907,1.0,4.5000000682193786e-05
0.4231240451335907,0.5017236471176147,0.9557822942733765,0.4231240451335907,1.0,0.4231240451335907,0.5,0.7998836636543274,0.4231240451335907,1.0,4.5000000682193786e-05
0.4231240451335907,0.4964951276779175,0.9563401937484741,0.4231240451335907,1.0,0.4231240451335907,0.5,0.802554726600647,0.4231240451335907,1.0,1.3500000022759195e-05
